author;author_type;url;location;deal_type;accommodation_type;floor;floors_count;rooms_count;total_meters;price;district;street;house_number;underground;residential_complex
GloraX;developer;https://spb.cian.ru/sale/flat/309036723/;Санкт-Петербург;sale;flat;18;18;5;147.0;52689999;Василеостровский;проспект Крузенштерна;13;;GloraX Василеостровский
Татьяна Чапурина;realtor;https://spb.cian.ru/sale/flat/315020493/;Санкт-Петербург;sale;flat;7;14;5;313.0;149000000;Центральный;набережная Воскресенская;4;Чернышевская;
Richness Realty;real_estate_agent;https://spb.cian.ru/sale/flat/308578040/;Санкт-Петербург;sale;flat;9;9;5;331.0;2200000000;Центральный;Тверская ;6;Чернышевская;
ЛСР Санкт-Петербург;developer;https://spb.cian.ru/sale/flat/312287750/;Санкт-Петербург;sale;flat;9;9;5;164.4;77777640;Петроградский;Петровский проспект;11к2;Крестовский остров;Neva Haus
М16 Элит;real_estate_agent;https://spb.cian.ru/sale/flat/298296466/;Санкт-Петербург;sale;flat;4;5;5;321.0;155000000;Адмиралтейский;Адмиралтейская набережная;12-14;Адмиралтейская;
Марина Рябова;realtor;https://spb.cian.ru/sale/flat/316065712/;Санкт-Петербург;sale;flat;1;5;5;66.6;6900000;Кировский;бульвар Новаторов;58;Ленинский проспект;
Master-Group Real Estate;representative_developer;https://spb.cian.ru/sale/flat/315242697/;Санкт-Петербург;sale;flat;5;8;5;205.89;133472310;Петроградский;набережная Реки Карповки;27;Петроградская;Клубный дом MELTZER HALL
Ритм Эстейт;real_estate_agent;https://spb.cian.ru/sale/flat/307694167/;Санкт-Петербург;sale;flat;2;6;5;228.0;120000000;Петроградский;Каменноостровский проспект;73-75;Петроградская;
Лабецкий Недвижимость;real_estate_agent;https://spb.cian.ru/sale/flat/309614691/;Санкт-Петербург;sale;flat;5;5;5;110.6;15400000;Центральный;5-я Советская ;11-13;Площадь Восстания;
Группа Эталон;developer;https://spb.cian.ru/sale/flat/315536637/;Санкт-Петербург;sale;flat;7;8;5;173.7;186735591;Петроградский; Профессора Попова;;Чкаловская;ЛДМ
BEYOND. ex-Engel Volkers;real_estate_agent;https://spb.cian.ru/sale/flat/300693101/;Санкт-Петербург;sale;flat;6;6;5;360.0;380000000;Петроградский;Крестовский проспект;12;Крестовский остров;Крестовский 12
ID 55803464;homeowner;https://spb.cian.ru/sale/flat/316154657/;Санкт-Петербург;sale;flat;3;6;5;137.0;28500000;Центральный; Радищева;29;Площадь Восстания;
Master-Group Real Estate;representative_developer;https://spb.cian.ru/sale/flat/315242649/;Санкт-Петербург;sale;flat;3;8;5;204.67;111673529;Петроградский;набережная Реки Карповки;27;Петроградская;Клубный дом MELTZER HALL
NF GROUP  St Petersburg;real_estate_agent;https://spb.cian.ru/sale/flat/311815317/;Санкт-Петербург;sale;flat;6;6;5;352.7;380000000;Петроградский;Крестовский проспект;12;Крестовский остров;Крестовский 12
Мир Квартир Элит;real_estate_agent;https://spb.cian.ru/sale/flat/313600814/;Санкт-Петербург;sale;flat;5;6;5;111.6;29600000;Центральный;4-я Советская ;37;Площадь Восстания;
Master-Group Real Estate;representative_developer;https://spb.cian.ru/sale/flat/315242656/;Санкт-Петербург;sale;flat;7;8;5;168.62;119331489;Петроградский;набережная Реки Карповки;27;Петроградская;Клубный дом MELTZER HALL
BEYOND. ex-Engel Volkers;real_estate_agent;https://spb.cian.ru/sale/flat/306610019/;Санкт-Петербург;sale;flat;6;7;5;173.0;149000000;Петроградский;Крестовский проспект;26;Крестовский остров;
ID 13745259;realtor;https://spb.cian.ru/sale/flat/316074445/;Санкт-Петербург;sale;flat;1;5;5;60.0;6700000;Московский; Костюшко;42;Московская;
Master-Group Real Estate;representative_developer;https://spb.cian.ru/sale/flat/315242715/;Санкт-Петербург;sale;flat;7;8;5;188.38;158757433;Петроградский;набережная Реки Карповки;27;Петроградская;Клубный дом MELTZER HALL
BEYOND. ex-Engel Volkers;real_estate_agent;https://spb.cian.ru/sale/flat/310944714/;Санкт-Петербург;sale;flat;2;5;5;347.7;336000000;Петроградский;проспект Динамо;4;Крестовский остров;
ID 90962062;realtor;https://spb.cian.ru/sale/flat/306661122/;Санкт-Петербург;sale;flat;2;5;5;135.0;31800000;Центральный;Гороховая ;46;Сенная площадь;
Master-Group Real Estate;representative_developer;https://spb.cian.ru/sale/flat/315242690/;Санкт-Петербург;sale;flat;7;8;5;183.49;129854910;Петроградский;набережная Реки Карповки;27;Петроградская;Клубный дом MELTZER HALL
BEYOND. ex-Engel Volkers;real_estate_agent;https://spb.cian.ru/sale/flat/289732338/;Санкт-Петербург;sale;flat;7;7;5;363.0;299000000;Петроградский;Динамовская ;2;Крестовский остров;
Мир Квартир PREMIUM;real_estate_agent;https://spb.cian.ru/sale/flat/315545888/;Санкт-Петербург;sale;flat;3;5;5;104.4;21900000;Петроградский;Петроградская набережная;26-28Ч;Горьковская;
Master-Group Real Estate;representative_developer;https://spb.cian.ru/sale/flat/315242679/;Санкт-Петербург;sale;flat;5;8;5;196.01;127067403;Петроградский;набережная Реки Карповки;27;Петроградская;Клубный дом MELTZER HALL
BEYOND. ex-Engel Volkers;real_estate_agent;https://spb.cian.ru/sale/flat/313531668/;Санкт-Петербург;sale;flat;10;10;5;258.1;230000000;Петроградский;Ждановская ;45;Крестовский остров;Леонтьевский мыс
ЮРИСТ  отд.;real_estate_agent;https://spb.cian.ru/sale/flat/315539245/;Санкт-Петербург;sale;flat;3;6;5;107.0;13990000;Василеостровский;проспект Большой Васильевского острова;56;Горный институт;
Master-Group Real Estate;representative_developer;https://spb.cian.ru/sale/flat/315242668/;Санкт-Петербург;sale;flat;4;8;5;204.36;120336416;Петроградский;набережная Реки Карповки;27;Петроградская;Клубный дом MELTZER HALL
Monumental Group;real_estate_agent;https://spb.cian.ru/sale/flat/313796674/;Санкт-Петербург;sale;flat;5;5;5;330.0;140000000;Петроградский; Блохина;2/77;Спортивная;
Петербургская Недвижимость;real_estate_agent;https://spb.cian.ru/sale/flat/316071173/;Санкт-Петербург;sale;flat;3;5;5;129.1;20000000;Адмиралтейский;Верейская ;33;Технологический институт;
Master-Group Real Estate;representative_developer;https://spb.cian.ru/sale/flat/315242708/;Санкт-Петербург;sale;flat;7;8;5;174.12;146739804;Петроградский;набережная Реки Карповки;27;Петроградская;Клубный дом MELTZER HALL
DealEstate;real_estate_agent;https://spb.cian.ru/sale/flat/307589645/;Санкт-Петербург;sale;flat;4;5;5;134.0;22790000;Пушкинский;Малиновская ;17Б;Купчино;
Этажи Санкт-Петербург;real_estate_agent;https://spb.cian.ru/sale/flat/316117822/;Санкт-Петербург;sale;flat;6;6;5;125.0;15900000;Центральный;Боровая ;11-13;Лиговский проспект;
Master-Group Real Estate;representative_developer;https://spb.cian.ru/sale/flat/315242705/;Санкт-Петербург;sale;flat;6;8;5;198.05;142298777;Петроградский;набережная Реки Карповки;27;Петроградская;Клубный дом MELTZER HALL
NF GROUP  St Petersburg;real_estate_agent;https://spb.cian.ru/sale/flat/315689739/;Санкт-Петербург;sale;flat;7;8;5;197.8;117000000;Петроградский;Песочная набережная;40;Чкаловская;
BE HOME;real_estate_agent;https://spb.cian.ru/sale/flat/312298761/;Санкт-Петербург;sale;flat;4;6;5;196.9;81000000;Центральный;набережная Канала Грибоедова;19;Гостиный двор;
SPB Housing;real_estate_agent;https://spb.cian.ru/sale/flat/307672594/;Санкт-Петербург;sale;flat;4;11;5;144.6;43787772;Адмиралтейский;набережная Обводного Канала;108;Фрунзенская;
Мир Квартир PREMIUM;real_estate_agent;https://spb.cian.ru/sale/flat/292922628/;Санкт-Петербург;sale;flat;5;6;5;184.3;39900000;Центральный;Фурштатская ;2/12;Чернышевская;
Мир квартир элит Крестовский;real_estate_agent;https://spb.cian.ru/sale/flat/312675704/;Санкт-Петербург;sale;flat;3;8;5;131.1;68000000;Петроградский;Морской проспект;15;Крестовский остров;Кристаллы Крестовского
Виктория Пахолкова;realtor;https://spb.cian.ru/sale/flat/302153144/;Санкт-Петербург;sale;flat;2;5;5;237.0;87000000;Центральный;Ковенский переулок;5;Маяковская;Ковенский 5
Мир квартир элит Крестовский;real_estate_agent;https://spb.cian.ru/sale/flat/307317224/;Санкт-Петербург;sale;flat;5;5;5;364.1;340000000;Петроградский;Вязовая ;10;Крестовский остров;Олимпийская деревня
Елена Кривобокова;realtor;https://spb.cian.ru/sale/flat/312978144/;Санкт-Петербург;sale;flat;4;4;5;95.8;10800000;Петродворцовый; Сафронова;6;;
Мир Квартир PREMIUM;real_estate_agent;https://spb.cian.ru/sale/flat/314211113/;Санкт-Петербург;sale;flat;3;5;5;192.0;34900000;Петроградский; Куйбышева;36;Горьковская;
АЛЕКСАНДР-НЕДВИЖИМОСТЬ;real_estate_agent;https://spb.cian.ru/sale/flat/315818056/;Санкт-Петербург;sale;flat;10;10;5;101.4;13000000;Приморский;Комендантский проспект;31К3;Комендантский проспект;
NF GROUP  St Petersburg;real_estate_agent;https://spb.cian.ru/sale/flat/314538739/;Санкт-Петербург;sale;flat;8;9;5;246.7;500000000;Центральный;Тверская ;6;Чернышевская;
ID 21203030;realtor;https://spb.cian.ru/sale/flat/312366989/;Санкт-Петербург;sale;flat;3;5;5;110.0;22450000;Центральный;переулок Джамбула;2;Звенигородская;
BEYOND. ex-Engel Volkers;real_estate_agent;https://spb.cian.ru/sale/flat/315143100/;Санкт-Петербург;sale;flat;7;10;5;296.0;225000000;Петроградский;Ждановская ;45;Крестовский остров;Леонтьевский мыс
РИЧ;real_estate_agent;https://spb.cian.ru/sale/flat/313472847/;Санкт-Петербург;sale;flat;1;5;5;66.4;9170000;Кировский;Трамвайный проспект;21К1;Ленинский проспект;
Мир Квартир PREMIUM;real_estate_agent;https://spb.cian.ru/sale/flat/300559458/;Санкт-Петербург;sale;flat;4;7;5;195.5;140000000;Петроградский;Аптекарская набережная;6;Петроградская;
Мир Квартир PREMIUM;real_estate_agent;https://spb.cian.ru/sale/flat/315987789/;Санкт-Петербург;sale;flat;6;6;5;113.4;24400000;Адмиралтейский;Почтамтский переулок;2;Адмиралтейская;
Мир квартир элит Крестовский;real_estate_agent;https://spb.cian.ru/sale/flat/309289413/;Санкт-Петербург;sale;flat;3;5;5;218.9;119000000;Центральный;Саперный переулок;19;Чернышевская;
Аркада;real_estate_agent;https://spb.cian.ru/sale/flat/310085310/;Санкт-Петербург;sale;flat;5;5;5;123.0;20000000;Петроградский;Лахтинская ;30;Чкаловская;
Мир квартир элит Крестовский;real_estate_agent;https://spb.cian.ru/sale/flat/311768737/;Санкт-Петербург;sale;flat;7;8;5;183.0;120000000;Центральный;Невский проспект;131;Площадь Александра Невского;
Денис Давыдов;realtor;https://spb.cian.ru/sale/flat/297718292/;Санкт-Петербург;sale;flat;3;10;5;113.6;17400000;Кировский;проспект Стачек;74/1;Кировский завод;
Мир Квартир PREMIUM;real_estate_agent;https://spb.cian.ru/sale/flat/312192810/;Санкт-Петербург;sale;flat;7;7;5;236.0;179500000;Петроградский;проезд Петровская коса;6к1;Крестовский остров;Петровская Доминанта
ID 101106077;homeowner;https://spb.cian.ru/sale/flat/298794074/;Санкт-Петербург;sale;flat;9;12;5;127.0;16900000;Выборгский;Выборгское шоссе;31;Озерки;
Мир квартир элит Крестовский;real_estate_agent;https://spb.cian.ru/sale/flat/314169407/;Санкт-Петербург;sale;flat;7;8;5;197.8;117000000;Петроградский;Песочная набережная;40;Чкаловская;
ID 125990948;homeowner;https://spb.cian.ru/sale/flat/314594463/;Санкт-Петербург;sale;flat;3;6;5;102.0;20850000;Центральный; Маяковского;11;Маяковская;
Мир Квартир PREMIUM;real_estate_agent;https://spb.cian.ru/sale/flat/314649100/;Санкт-Петербург;sale;flat;5;6;5;329.2;141000000;Петроградский; Блохина;2/77;Спортивная;
Мир Квартир PREMIUM;real_estate_agent;https://spb.cian.ru/sale/flat/311433329/;Санкт-Петербург;sale;flat;2;5;5;114.6;33000000;Центральный;Загородный проспект;9;Достоевская;
Константин Михайловер;realtor;https://spb.cian.ru/sale/flat/298974930/;Санкт-Петербург;sale;flat;4;5;5;146.9;26500000;Курортный; Николая Соколова;28;Беговая;Квартиры в Курортном
ID 126168493;homeowner;https://spb.cian.ru/sale/flat/311875207/;Санкт-Петербург;sale;flat;3;5;5;145.0;27995000;Выборгский;Выборгское шоссе;5К4;Озерки;
СМАРТ-МЕТРЫ ДЕВЕЛОПМЕНТ;real_estate_agent;https://spb.cian.ru/sale/flat/304242323/;Санкт-Петербург;sale;flat;3;6;5;255.1;48000000;Петроградский;Каменноостровский проспект;35/75;Петроградская;
ID 59994170;homeowner;https://spb.cian.ru/sale/flat/261568528/;Санкт-Петербург;sale;flat;4;5;-1;167.2;1000000;Центральный;Загородный проспект;21-23;Звенигородская;
МИДОМ;real_estate_agent;https://spb.cian.ru/sale/flat/306004914/;Санкт-Петербург;sale;flat;2;6;5;151.9;23500000;Центральный; Чайковского;42;Чернышевская;
Elite Club Realty;real_estate_agent;https://spb.cian.ru/sale/flat/315414674/;Санкт-Петербург;sale;flat;7;7;5;210.0;110000000;Приморский;Приморский проспект;46;Старая Деревня;Stockholm
СМАРТ-МЕТРЫ ДЕВЕЛОПМЕНТ;real_estate_agent;https://spb.cian.ru/sale/flat/315859949/;Санкт-Петербург;sale;flat;3;6;5;255.1;48000000;Петроградский;Каменноостровский проспект;35/75;Петроградская;
Мир Квартир Элит;real_estate_agent;https://spb.cian.ru/sale/flat/304351466/;Санкт-Петербург;sale;flat;7;7;5;181.9;49900000;Центральный; Рылеева;21;Чернышевская;
Мир Квартир PREMIUM;real_estate_agent;https://spb.cian.ru/sale/flat/314798460/;Санкт-Петербург;sale;flat;5;7;5;250.0;199000000;Петроградский;проезд Петровская коса;6к1;Крестовский остров;Петровская Доминанта
ПАН;real_estate_agent;https://spb.cian.ru/sale/flat/315567708/;Санкт-Петербург;sale;flat;4;5;5;136.0;29500000;Центральный; Некрасова;45;Площадь Восстания;
Мир квартир элит Крестовский;real_estate_agent;https://spb.cian.ru/sale/flat/310635253/;Санкт-Петербург;sale;flat;6;7;5;162.4;129000000;Петроградский;набережная Реки Карповки;31к1;Петроградская;Северная Корона
ДомИн;real_estate_agent;https://spb.cian.ru/sale/flat/315501210/;Санкт-Петербург;sale;flat;2;4;5;160.0;28500000;Центральный;набережная Кутузова;30;Площадь Ленина;
СМАРТ-МЕТРЫ ДЕВЕЛОПМЕНТ;real_estate_agent;https://spb.cian.ru/sale/flat/315860792/;Санкт-Петербург;sale;flat;3;6;5;255.1;48000000;Петроградский;Каменноостровский проспект;35/75;Петроградская;
Кабинет Недвижимости;real_estate_agent;https://spb.cian.ru/sale/flat/315770884/;Санкт-Петербург;sale;flat;2;5;5;228.0;55000000;Петроградский;Каменноостровский проспект;26-28;Петроградская;
Мир Квартир PREMIUM;real_estate_agent;https://spb.cian.ru/sale/flat/309585279/;Санкт-Петербург;sale;flat;5;5;5;126.0;25380000;Адмиралтейский;Малодетскосельский проспект;14-16;Технологический институт;
ID 50468277;realtor;https://spb.cian.ru/sale/flat/306401780/;Санкт-Петербург;sale;flat;4;6;5;120.0;19400000;Петроградский;Барочная ;8;Чкаловская;
Номер Один - офис Добролюбова;real_estate_agent;https://spb.cian.ru/sale/flat/301279055/;Санкт-Петербург;sale;flat;4;5;5;202.0;52000000;Центральный; Рылеева;10;Чернышевская;
Агентство недвижимости Сергея Галлера;real_estate_agent;https://spb.cian.ru/sale/flat/315728734/;Санкт-Петербург;sale;flat;4;5;5;156.7;49000000;Петроградский;Петроградская набережная;26-28;Горьковская;
Мир Квартир PREMIUM;real_estate_agent;https://spb.cian.ru/sale/flat/300559637/;Санкт-Петербург;sale;flat;6;6;5;342.0;87500000;Центральный;Смольный проспект;6;Чернышевская;
ID 91945669;realtor;https://spb.cian.ru/sale/flat/316138003/;Санкт-Петербург;sale;flat;2;7;5;131.7;23500000;Центральный; Рубинштейна;23;Достоевская;
Мир Квартир PREMIUM;real_estate_agent;https://spb.cian.ru/sale/flat/305582971/;Санкт-Петербург;sale;flat;2;6;5;126.1;31490000;Адмиралтейский;набережная Реки Фонтанки;85;Спасская;
Адвекс;real_estate_agent;https://spb.cian.ru/sale/flat/294523515/;Санкт-Петербург;sale;flat;7;7;5;111.0;18700000;Петроградский; Куйбышева;20;Горьковская;
Домината;real_estate_agent;https://spb.cian.ru/sale/flat/298408114/;Санкт-Петербург;sale;flat;6;10;5;183.1;60000000;Красногвардейский;Новочеркасский проспект;33к3;Новочеркасская;Новый город
Этажи Санкт-Петербург;real_estate_agent;https://spb.cian.ru/sale/flat/307227461/;Санкт-Петербург;sale;flat;2;4;5;102.9;15650000;Центральный;Гороховая ;32;Сенная площадь;
Большая недвижимость;real_estate_agent;https://spb.cian.ru/sale/flat/310025907/;Санкт-Петербург;sale;flat;4;7;5;145.3;36000000;Центральный;Невский проспект;95;Площадь Восстания;
ID 12696515;homeowner;https://spb.cian.ru/sale/flat/288857260/;Санкт-Петербург;sale;flat;5;9;5;71.2;12200000;Фрунзенский; Турку;10К1;Международная;
Екатерина Владыка;realtor;https://spb.cian.ru/sale/flat/303455151/;Санкт-Петербург;sale;flat;3;5;5;125.8;23000000;Пушкинский;Петербургское шоссе;8к1;Купчино;
Адвекс;real_estate_agent;https://spb.cian.ru/sale/flat/302544908/;Санкт-Петербург;sale;flat;3;3;5;249.0;24350000;Выборгский;Выборгское шоссе;90;Проспект Просвещения;
ЦЕХ НЕДВИЖИМОСТИ;real_estate_agent;https://spb.cian.ru/sale/flat/313651087/;Санкт-Петербург;sale;flat;6;6;5;129.7;34900000;Петроградский; Красного Курсанта;25;Чкаловская;
Адвекс;real_estate_agent;https://spb.cian.ru/sale/flat/302396589/;Санкт-Петербург;sale;flat;3;5;5;296.3;500000000;Адмиралтейский;Адмиралтейская набережная;12-14;Адмиралтейская;
ID 122064119;homeowner;https://spb.cian.ru/sale/flat/314845026/;Санкт-Петербург;sale;flat;1;5;5;89.1;16500000;Московский;проспект Космонавтов;19К4;Парк Победы;
Анастасия Тяпина;realtor;https://spb.cian.ru/sale/flat/307473214/;Санкт-Петербург;sale;flat;2;4;5;166.4;58000000;Центральный;набережная Канала Грибоедова;25;Гостиный двор;
Белый Дом;real_estate_agent;https://spb.cian.ru/sale/flat/300839436/;Санкт-Петербург;sale;flat;24;25;5;112.5;19900000;Приморский; Лидии Зверевой;9к1;Комендантский проспект;Шуваловский
ID 110193364;realtor;https://spb.cian.ru/sale/flat/309398966/;Санкт-Петербург;sale;flat;7;16;5;177.0;35990000;Выборгский; Рашетова;14;Удельная;
ИНВИКТ;real_estate_agent;https://spb.cian.ru/sale/flat/313738357/;Санкт-Петербург;sale;flat;4;10;5;118.3;17950000;Кировский;проспект Стачек;55;Кировский завод;
Владис Аврора;real_estate_agent;https://spb.cian.ru/sale/flat/303733835/;Санкт-Петербург;sale;flat;3;5;5;114.0;20000000;Петроградский; Блохина;10;Спортивная;
Адвекс;real_estate_agent;https://spb.cian.ru/sale/flat/311207149/;Санкт-Петербург;sale;flat;4;7;5;138.4;19900000;Кировский;проспект Стачек;77;Автово;
Адвекс;real_estate_agent;https://spb.cian.ru/sale/flat/313666463/;Санкт-Петербург;sale;flat;2;6;5;141.0;28000000;Петроградский;Кронверкский проспект;23;Горьковская;
Агентство МВ;real_estate_agent;https://spb.cian.ru/sale/flat/311342926/;Санкт-Петербург;sale;flat;6;6;5;379.0;160000000;Петроградский;Петровский проспект;2с2;Спортивная;"Элитный комплекс ""ROYAL PARK"""
ПАН Партнер;real_estate_agent;https://spb.cian.ru/sale/flat/308599105/;Санкт-Петербург;sale;flat;3;15;5;100.9;12000000;Красногвардейский;Ленская ;17К1;Проспект Большевиков;
Риэлторские Услуги;real_estate_agent;https://spb.cian.ru/sale/flat/270278369/;Санкт-Петербург;sale;flat;6;6;5;115.0;16000000;Центральный;Социалистическая ;3;Звенигородская;
АДРЕСАТ;real_estate_agent;https://spb.cian.ru/sale/flat/311527429/;Санкт-Петербург;sale;flat;1;6;5;117.0;17000000;Адмиралтейский;набережная Реки Фонтанки;126;Технологический институт;
CENTURY 21 Capital Petersburg;real_estate_agent;https://spb.cian.ru/sale/flat/304086200/;Санкт-Петербург;sale;flat;5;6;5;113.2;17700000;Центральный;Загородный проспект;21-23;Звенигородская;
ОКТАВА;real_estate_agent;https://spb.cian.ru/sale/flat/314736701/;Санкт-Петербург;sale;flat;4;4;5;129.0;28890000;Центральный; Пестеля;6;Чернышевская;
ЮСОН;real_estate_agent;https://spb.cian.ru/sale/flat/300127036/;Санкт-Петербург;sale;flat;3;9;5;101.4;14500000;Приморский;Ольховая ;22;Комендантский проспект;
ID 40138531;homeowner;https://spb.cian.ru/sale/flat/287901896/;Санкт-Петербург;sale;flat;3;3;5;138.1;24500000;Выборгский;Выборгское шоссе;62;Озерки;
Илона Воеводина;realtor;https://spb.cian.ru/sale/flat/316073441/;Санкт-Петербург;sale;flat;21;22;5;166.4;42300000;Кировский;проспект Народного ополчения;10;Ленинский проспект;Современник
Петербургский Риэлтор;real_estate_agent;https://spb.cian.ru/sale/flat/305080313/;Санкт-Петербург;sale;flat;5;6;5;89.8;14250000;Центральный;Коломенская ;11В;Владимирская;
Илья Романов;realtor;https://spb.cian.ru/sale/flat/309808380/;Санкт-Петербург;sale;flat;3;5;5;256.0;86000000;Центральный;Фурштатская ;9;Чернышевская;
ID 76352586;unknown;https://spb.cian.ru/sale/flat/283929986/;Санкт-Петербург;sale;flat;3;5;5;253.0;79000000;Центральный;Невский проспект;22-24;Гостиный двор;
Евгений Смирнов;realtor;https://spb.cian.ru/sale/flat/310712936/;Санкт-Петербург;sale;flat;5;6;5;223.4;120000000;Петроградский;Петровский проспект;2с2;Спортивная;"Элитный комплекс ""ROYAL PARK"""
Экотон;real_estate_agent;https://spb.cian.ru/sale/flat/316018921/;Санкт-Петербург;sale;flat;3;4;5;125.8;18000000;Выборгский;проспект Пархоменко;10;Пионерская;
Елена Виноградова;realtor;https://spb.cian.ru/sale/flat/316214365/;Санкт-Петербург;sale;flat;3;5;5;93.1;13000000;Невский;2-й Рабфаковский переулок;17К2;Обухово;
Мир Квартир Элит;real_estate_agent;https://spb.cian.ru/sale/flat/313470721/;Санкт-Петербург;sale;flat;23;23;5;310.6;260000000;Выборгский;Большой Сампсониевский проспект;4-6;Площадь Ленина;
Геннадий Слезкин;realtor;https://spb.cian.ru/sale/flat/307333012/;Санкт-Петербург;sale;flat;7;9;5;205.0;77777000;Красногвардейский;Новочеркасский проспект;33к2;Новочеркасская;Новый город
Невский Альянс;real_estate_agent;https://spb.cian.ru/sale/flat/315783165/;Санкт-Петербург;sale;flat;4;5;5;115.2;30000000;Петроградский;проспект Большой Петроградской стороны;47;Петроградская;
МАКРОМИР НЕДВИЖИМОСТЬ;real_estate_agent;https://spb.cian.ru/sale/flat/299329592/;Санкт-Петербург;sale;flat;24;24;5;260.0;37000000;Приморский;Северо-Приморская часть исторический район;;Беговая;Ленинградские вечера
CENTURY 21 Гарант;real_estate_agent;https://spb.cian.ru/sale/flat/315549776/;Санкт-Петербург;sale;flat;3;6;5;90.7;15400000;Адмиралтейский;Старо-Петергофский проспект;37;Нарвская;
Джульетта Заборовская;realtor;https://spb.cian.ru/sale/flat/308150454/;Санкт-Петербург;sale;flat;4;5;5;224.0;185000000;Адмиралтейский;Московский проспект;16;Садовая;
ID 71037267;homeowner;https://spb.cian.ru/sale/flat/312567600/;Санкт-Петербург;sale;flat;2;3;5;180.0;40500000;Выборгский; Курчатова;6К2;Политехническая;
Смарт Инновации;real_estate_agent;https://spb.cian.ru/sale/flat/314065408/;Санкт-Петербург;sale;flat;5;7;5;154.9;32000000;Центральный; Рылеева;20/51;Чернышевская;
ID 31966732;homeowner;https://spb.cian.ru/sale/flat/309814858/;Санкт-Петербург;sale;flat;4;8;5;329.0;189000000;Центральный;набережная Воскресенская;4;Чернышевская;
Андрей Трапезников;realtor;https://spb.cian.ru/sale/flat/315544667/;Санкт-Петербург;sale;flat;2;5;5;124.0;16800000;Фрунзенский; Салова;20;Волковская;
NF GROUP  St Petersburg;real_estate_agent;https://spb.cian.ru/sale/flat/308784065/;Санкт-Петербург;sale;flat;6;6;5;341.0;295000000;Центральный;Итальянская ;12а;Гостиный двор;
ТРЕНД Недвижимость;real_estate_agent;https://spb.cian.ru/sale/flat/315813480/;Санкт-Петербург;sale;flat;3;5;5;109.1;21000000;Петроградский;Петроградская набережная;26-28;Горьковская;
А2 ГРУПП;real_estate_agent;https://spb.cian.ru/sale/flat/314200393/;Санкт-Петербург;sale;flat;2;5;5;102.9;15800000;Центральный;Гороховая ;32;Сенная площадь;
Мир квартир элит Крестовский;real_estate_agent;https://spb.cian.ru/sale/flat/308059446/;Санкт-Петербург;sale;flat;5;7;5;135.6;26890000;Центральный;7-я Советская ;40;Площадь Восстания;
АН Перспектива;real_estate_agent;https://spb.cian.ru/sale/flat/307495912/;Санкт-Петербург;sale;flat;2;4;5;202.7;37500000;Петродворцовый; Аврова;5к2;Ленинский проспект;
Игорь Кузнецов;realtor;https://spb.cian.ru/sale/flat/313286540/;Санкт-Петербург;sale;flat;2;5;5;259.0;125000000;Адмиралтейский;набережная Реки Мойки;64;Адмиралтейская;
Смарт Инновации;real_estate_agent;https://spb.cian.ru/sale/flat/313440631/;Санкт-Петербург;sale;flat;3;5;5;107.1;16200000;Красногвардейский; Стахановцев;19;Новочеркасская;
ЮСОН;real_estate_agent;https://spb.cian.ru/sale/flat/313682476/;Санкт-Петербург;sale;flat;9;11;5;166.2;31999999;Калининский; Веденеева;8к1;Политехническая;
Этажи Санкт-Петербург;real_estate_agent;https://spb.cian.ru/sale/flat/311180164/;Санкт-Петербург;sale;flat;12;12;5;126.5;15500000;Невский; Коллонтай;21К1;Проспект Большевиков;
Коллегия Риэлторов;real_estate_agent;https://spb.cian.ru/sale/flat/307895822/;Санкт-Петербург;sale;flat;3;9;5;160.3;27800000;Петроградский;Каменноостровский проспект;38/96;Петроградская;
Русский Фонд Недвижимости;real_estate_agent;https://spb.cian.ru/sale/flat/313975605/;Санкт-Петербург;sale;flat;12;13;5;102.0;19500000;Выборгский;проспект Энгельса;139/21;Проспект Просвещения;
Пальмира;real_estate_agent;https://spb.cian.ru/sale/flat/295466439/;Санкт-Петербург;sale;flat;4;5;5;153.8;25790000;Центральный;набережная Кутузова;32;Чернышевская;
Невский Альянс;real_estate_agent;https://spb.cian.ru/sale/flat/313832078/;Санкт-Петербург;sale;flat;3;9;5;71.2;13850000;Фрунзенский; Белы Куна;13К4;Международная;
Горжилобмен;real_estate_agent;https://spb.cian.ru/sale/flat/309339907/;Санкт-Петербург;sale;flat;5;5;5;153.0;25990000;Центральный;Саперный переулок;16/36;Чернышевская;
Мир Квартир Элит;real_estate_agent;https://spb.cian.ru/sale/flat/315414087/;Санкт-Петербург;sale;flat;4;5;5;156.3;38500000;Центральный;Греческий проспект;15;Площадь Восстания;
Мир Квартир Элит;real_estate_agent;https://spb.cian.ru/sale/flat/300670855/;Санкт-Петербург;sale;flat;4;5;5;243.0;110000000;Адмиралтейский;Казначейская ;6;Садовая;
Адвекс;real_estate_agent;https://spb.cian.ru/sale/flat/302358781/;Санкт-Петербург;sale;flat;1;5;5;96.2;15500000;Центральный;Виленский переулок;6;Чернышевская;
Мир Квартир PREMIUM;real_estate_agent;https://spb.cian.ru/sale/flat/308244111/;Санкт-Петербург;sale;flat;4;5;5;154.6;26990000;Адмиралтейский;12-я Красноармейская ;3;Балтийская;
Владис Аврора;real_estate_agent;https://spb.cian.ru/sale/flat/304290157/;Санкт-Петербург;sale;flat;4;5;5;142.9;26800000;Адмиралтейский;Галерная ;23;Адмиралтейская;
ST Real Estate;real_estate_agent;https://spb.cian.ru/sale/flat/302357893/;Санкт-Петербург;sale;flat;1;5;5;132.3;27000000;Адмиралтейский; Декабристов;13;Садовая;
Мир Квартир PREMIUM;real_estate_agent;https://spb.cian.ru/sale/flat/311220116/;Санкт-Петербург;sale;flat;4;6;5;96.6;27100000;Адмиралтейский;Средняя Подьяческая ;15;Садовая;
Городской Центр Недвижимости;real_estate_agent;https://spb.cian.ru/sale/flat/312620025/;Санкт-Петербург;sale;flat;1;4;5;136.4;27280000;Адмиралтейский; Ефимова;6;Сенная площадь;
Городской Центр Недвижимости;real_estate_agent;https://spb.cian.ru/sale/flat/286563818/;Санкт-Петербург;sale;flat;1;4;5;125.8;27450000;Адмиралтейский;Галерная ;25;Адмиралтейская;
Экотон;real_estate_agent;https://spb.cian.ru/sale/flat/312352463/;Санкт-Петербург;sale;flat;3;5;5;144.0;27700000;Адмиралтейский;12-я Красноармейская ;6;Балтийская;
Richness Realty;real_estate_agent;https://spb.cian.ru/sale/flat/308577732/;Санкт-Петербург;sale;flat;4;5;5;150.0;27900000;Центральный;Пушкинская ;12;Площадь Восстания;
ТРЕНД Недвижимость;real_estate_agent;https://spb.cian.ru/sale/flat/316028679/;Санкт-Петербург;sale;flat;4;5;5;117.0;28000000;Центральный;Суворовский проспект;24;Площадь Восстания;
Мир Квартир Элит;real_estate_agent;https://spb.cian.ru/sale/flat/315399957/;Санкт-Петербург;sale;flat;4;4;5;129.0;28900000;Центральный;Гагаринская ;25;Чернышевская;
У кого спросить;real_estate_agent;https://spb.cian.ru/sale/flat/308823934/;Санкт-Петербург;sale;flat;4;6;5;222.7;29000000;Петродворцовый;Разводная ;12;;
Будь первым;real_estate_agent;https://spb.cian.ru/sale/flat/301287706/;Санкт-Петербург;sale;flat;5;6;5;150.0;29450000;Центральный; Достоевского;10;Владимирская;
KARTES;real_estate_agent;https://spb.cian.ru/sale/flat/312765951/;Санкт-Петербург;sale;flat;4;5;5;147.7;29990000;Центральный; Рубинштейна;26Б;Достоевская;
ЭСТЭЙТ-КОНСАЛТИНГ;real_estate_agent;https://spb.cian.ru/sale/flat/315160289/;Санкт-Петербург;sale;flat;5;5;5;138.0;30000000;Василеостровский;6-я Васильевского острова линия;25;Василеостровская;
Эрмитаж Галерея Недвижимости;real_estate_agent;https://spb.cian.ru/sale/flat/314795574/;Санкт-Петербург;sale;flat;3;5;5;162.0;29950000;Московский;Московский проспект;125;Московские ворота;
Rielt Group Agency;real_estate_agent;https://spb.cian.ru/sale/flat/307952766/;Санкт-Петербург;sale;flat;2;7;5;122.1;30500000;Центральный;Невский проспект;170;Площадь Александра Невского;
Русский Фонд Недвижимости;real_estate_agent;https://spb.cian.ru/sale/flat/305801223/;Санкт-Петербург;sale;flat;2;4;5;168.8;32000000;Петроградский;Каменноостровский проспект;50;Петроградская;
МАКРОМИР НЕДВИЖИМОСТЬ;real_estate_agent;https://spb.cian.ru/sale/flat/313185743/;Санкт-Петербург;sale;flat;1;5;5;204.2;32000000;Курортный;Рыбацкая ;11;Беговая;Петербургское Садовое кольцо
Екатерина Рейхенбах;realtor;https://spb.cian.ru/sale/flat/312622913/;Санкт-Петербург;sale;flat;20;21;5;146.1;33500000;Приморский;Коломяжский проспект;5к3;Пионерская;Приморский квартал
Просто недвижимость;real_estate_agent;https://spb.cian.ru/sale/flat/282783864/;Санкт-Петербург;sale;flat;2;6;5;200.0;33900000;Василеостровский;проспект Большой Васильевского острова;56;Горный институт;
Мир Квартир PREMIUM;real_estate_agent;https://spb.cian.ru/sale/flat/307613808/;Санкт-Петербург;sale;flat;3;5;5;165.9;33950000;Василеостровский;4-я Васильевского острова линия;19;Василеостровская;
NF GROUP  St Petersburg;real_estate_agent;https://spb.cian.ru/sale/flat/311385902/;Санкт-Петербург;sale;flat;2;4;5;443.0;370000000;Петроградский;Чкаловское;5;Крестовский остров;
ID 19109535;realtor;https://spb.cian.ru/sale/flat/295222350/;Санкт-Петербург;sale;flat;5;6;5;92.8;17450000;Петроградский;Большая Посадская ;10;Горьковская;
Александр Осипов;realtor;https://spb.cian.ru/sale/flat/309990590/;Санкт-Петербург;sale;flat;2;5;5;137.9;24500000;Василеостровский;11-я Васильевского острова линия;24;Василеостровская;
Городское агентство недвижимости;real_estate_agent;https://spb.cian.ru/sale/flat/313442572/;Санкт-Петербург;sale;flat;1;16;5;88.6;14880000;Василеостровский;Наличная ;30;Приморская;
НЕВА Недвижимость;real_estate_agent;https://spb.cian.ru/sale/flat/312461641/;Санкт-Петербург;sale;flat;1;5;5;66.2;8900000;Кировский;Краснопутиловская ;53К1;Автово;
Мир Квартир PREMIUM;real_estate_agent;https://spb.cian.ru/sale/flat/313473146/;Санкт-Петербург;sale;flat;4;4;5;465.6;62000000;Выборгский;Большая Озерная ;61;Проспект Просвещения;
Адвекс;real_estate_agent;https://spb.cian.ru/sale/flat/315162305/;Санкт-Петербург;sale;flat;5;5;5;143.5;20500000;Центральный;4-я Советская ;46/8;Площадь Восстания;
Фабрика Недвижимости;real_estate_agent;https://spb.cian.ru/sale/flat/304836930/;Санкт-Петербург;sale;flat;3;7;5;217.7;65000000;Адмиралтейский;набережная Реки Фонтанки;85;Спасская;
АУРУМ;real_estate_agent;https://spb.cian.ru/sale/flat/310693076/;Санкт-Петербург;sale;flat;4;6;5;157.1;32000000;Василеостровский;11-я Васильевского острова линия;14/39;Василеостровская;
Панорама;real_estate_agent;https://spb.cian.ru/sale/flat/316197755/;Санкт-Петербург;sale;flat;7;7;5;128.4;23790000;Центральный;9-я Советская ;9/30;Площадь Восстания;
ID 4027936;realtor;https://spb.cian.ru/sale/flat/315457838/;Санкт-Петербург;sale;flat;3;5;5;201.2;80000000;Приморский;3-я 1-й половины линия;75;Удельная;
Адвекс;real_estate_agent;https://spb.cian.ru/sale/flat/314210835/;Санкт-Петербург;sale;flat;4;6;5;165.2;26000000;Василеостровский;4-я Васильевского острова линия;21;Василеостровская;
Анна Веселова;realtor;https://spb.cian.ru/sale/flat/310050812/;Санкт-Петербург;sale;flat;3;5;5;169.3;135000000;Центральный;Караванная ;16/14;Гостиный двор;
BEYOND. ex-Engel Volkers;real_estate_agent;https://spb.cian.ru/sale/flat/285457414/;Санкт-Петербург;sale;flat;4;6;5;194.0;81000000;Центральный;набережная Канала Грибоедова;19;Гостиный двор;
В ПИТЕРЕ ЖИТЬ;real_estate_agent;https://spb.cian.ru/sale/flat/313698043/;Санкт-Петербург;sale;flat;1;5;5;65.8;9200000;Кировский;Краснопутиловская ;33;Автово;
ID 112930286;homeowner;https://spb.cian.ru/sale/flat/309941058/;Санкт-Петербург;sale;flat;4;5;5;89.2;11499000;Кировский; Танкиста Хрустицкого;106;Проспект Ветеранов;
Мир Квартир Элит;real_estate_agent;https://spb.cian.ru/sale/flat/300559285/;Санкт-Петербург;sale;flat;4;4;5;340.0;58000000;Центральный;Моховая ;18;Чернышевская;
Лидер Недвижимость СПб;real_estate_agent;https://spb.cian.ru/sale/flat/308690491/;Санкт-Петербург;sale;flat;5;7;5;184.0;51300000;Центральный;10-я Советская ;4-6;Площадь Восстания;
Альфалот;real_estate_agent;https://spb.cian.ru/sale/flat/315274602/;Санкт-Петербург;sale;flat;12;23;5;125.5;16920000;Выборгский;проспект Просвещения;33к1;Проспект Просвещения;
Партнер ПРО;real_estate_agent;https://spb.cian.ru/sale/flat/311854263/;Санкт-Петербург;sale;flat;3;4;5;130.0;26499000;Центральный; Некрасова;44;Чернышевская;
ДомЛегко;real_estate_agent;https://spb.cian.ru/sale/flat/315250281/;Санкт-Петербург;sale;flat;4;5;-1;93.9;3525000;Невский;2-й Рабфаковский переулок;17К2;Обухово;
Лариса Макарова;realtor;https://spb.cian.ru/sale/flat/312869964/;Санкт-Петербург;sale;flat;17;21;5;150.0;22500000;Красносельский;Ленинский проспект;82к1;Ленинский проспект;Адмирал
Плюс Ипотека;real_estate_agent;https://spb.cian.ru/sale/flat/316217860/;Санкт-Петербург;sale;flat;3;4;5;138.0;40000000;Фрунзенский; Салова;30;Волковская;
FisherGroup;real_estate_agent;https://spb.cian.ru/sale/flat/315881318/;Санкт-Петербург;sale;flat;6;7;5;110.2;20000000;Центральный;Лиговский проспект;65;Площадь Восстания;
Мир Квартир Элит;real_estate_agent;https://spb.cian.ru/sale/flat/290628831/;Санкт-Петербург;sale;flat;2;3;5;442.0;375000000;Петроградский;2-я Березовая аллея;19;Черная речка;
АЗБУКА Недвижимости;real_estate_agent;https://spb.cian.ru/sale/flat/296771905/;Санкт-Петербург;sale;flat;10;12;5;116.5;18500000;Красносельский; Чекистов;22;Ленинский проспект;
ID 17085189;unknown;https://spb.cian.ru/sale/flat/312712727/;Санкт-Петербург;sale;flat;3;6;5;110.8;19100000;Адмиралтейский;4-я Красноармейская ;16;Технологический институт;
Этажи Санкт-Петербург;real_estate_agent;https://spb.cian.ru/sale/flat/307225550/;Санкт-Петербург;sale;flat;2;15;5;151.4;63300000;Красногвардейский;Пискаревский проспект;1;Площадь Ленина;Четыре горизонта
ID 11123417;realtor;https://spb.cian.ru/sale/flat/308189466/;Санкт-Петербург;sale;flat;14;15;5;178.5;69900000;Красногвардейский;Магнитогорская ;1;Новочеркасская;Magnifika Lifestyle
Риэлторские Услуги;real_estate_agent;https://spb.cian.ru/sale/flat/270956402/;Санкт-Петербург;sale;flat;2;3;5;103.0;22000000;Адмиралтейский;Большой Казачий переулок;11;Пушкинская;
Квартиры СПБ;real_estate_agent;https://spb.cian.ru/sale/flat/313818809/;Санкт-Петербург;sale;flat;2;9;5;72.0;11000000;Кировский;проспект Маршала Жукова;56К1;Ленинский проспект;
Иван Иконников;realtor;https://spb.cian.ru/sale/flat/313942885/;Санкт-Петербург;sale;flat;10;12;5;130.0;56940000;Петроградский;Корпусная ;9;Чкаловская;Lumiere
ID 59688874;homeowner;https://spb.cian.ru/sale/flat/315961792/;Санкт-Петербург;sale;flat;4;9;5;71.4;12500000;Кировский;Дачный проспект;7К1;Проспект Ветеранов;
АТЛАНТА;real_estate_agent;https://spb.cian.ru/sale/flat/299794795/;Санкт-Петербург;sale;flat;4;7;5;111.5;17600000;Калининский; Академика Лебедева;12;Площадь Ленина;
ID 115360133;homeowner;https://spb.cian.ru/sale/flat/313269620/;Санкт-Петербург;sale;flat;1;5;5;66.1;12790000;Фрунзенский;Софийская ;23;Международная;
Олег Бараков;realtor;https://spb.cian.ru/sale/flat/307832437/;Санкт-Петербург;sale;flat;6;6;5;179.4;56000000;Московский;Свеаборгская ;19;Парк Победы;
АЗБУКА Недвижимости;real_estate_agent;https://spb.cian.ru/sale/flat/307959619/;Санкт-Петербург;sale;flat;6;8;5;193.7;36000000;Кировский;проспект Маршала Жукова;54к6;Ленинский проспект;Дом с каминами
Самолет плюс;real_estate_agent;https://spb.cian.ru/sale/flat/305884505/;Санкт-Петербург;sale;flat;5;6;5;141.6;35000000;Центральный;3-я Советская ;21/4;Площадь Восстания;
Елена Бушуева;realtor;https://spb.cian.ru/sale/flat/301738267/;Санкт-Петербург;sale;flat;3;6;5;126.0;16200000;Калининский; Академика Лебедева;14/2;Площадь Ленина;
Итака;real_estate_agent;https://spb.cian.ru/sale/flat/312404732/;Санкт-Петербург;sale;flat;6;6;5;129.5;21900000;Василеостровский;11-я Васильевского острова линия;52;Василеостровская;
Мир Квартир Элит;real_estate_agent;https://spb.cian.ru/sale/flat/315363720/;Санкт-Петербург;sale;flat;6;7;5;169.0;120000000;Центральный;Смольный проспект;17;Новочеркасская;Смольный проспект
Альянс Северо-Запад;real_estate_agent;https://spb.cian.ru/sale/flat/306309835/;Санкт-Петербург;sale;flat;3;7;5;121.0;18000000;Центральный;8-я Советская ;47;Площадь Восстания;
ЮСОН;real_estate_agent;https://spb.cian.ru/sale/flat/275000689/;Санкт-Петербург;sale;flat;4;5;5;113.7;41000000;Центральный;Садовая ;13-15/50;Гостиный двор;
Мир квартир элит Крестовский;real_estate_agent;https://spb.cian.ru/sale/flat/308688991/;Санкт-Петербург;sale;flat;3;5;5;236.1;83000000;Центральный;Поварской переулок;14;Маяковская;
Ольга Данилевская;realtor;https://spb.cian.ru/sale/flat/277017759/;Санкт-Петербург;sale;flat;13;26;5;118.5;16000000;Пушкинский;проспект Новгородский;4;Звездная;Шушары
Марина Млодик;realtor;https://spb.cian.ru/sale/flat/315642359/;Санкт-Петербург;sale;flat;7;9;5;157.0;160000000;Петроградский;набережная Адмирала Лазарева;22;Чкаловская;One Trinity Place
Адвекс;real_estate_agent;https://spb.cian.ru/sale/flat/307964784/;Санкт-Петербург;sale;flat;4;5;5;128.5;20000000;Адмиралтейский;Подольская ;39;Технологический институт;
BR Group;real_estate_agent;https://spb.cian.ru/sale/flat/315718734/;Санкт-Петербург;sale;flat;5;6;5;113.6;24100000;Центральный;Пушкинская ;14;Площадь Восстания;
Алексей Кошелев;realtor;https://spb.cian.ru/sale/flat/303959133/;Санкт-Петербург;sale;flat;3;11;5;177.3;63000000;Петроградский;Каменноостровский проспект;40а;Петроградская;
Владис Аврора;real_estate_agent;https://spb.cian.ru/sale/flat/313644351/;Санкт-Петербург;sale;flat;3;5;-1;158.5;4000000;Петроградский;Гатчинская ;2/54;Чкаловская;
NF GROUP  St Petersburg;real_estate_agent;https://spb.cian.ru/sale/flat/315667528/;Санкт-Петербург;sale;flat;7;7;5;260.0;236000000;Петроградский;Динамовская ;2;Крестовский остров;
Мир Квартир Элит;real_estate_agent;https://spb.cian.ru/sale/flat/307479956/;Санкт-Петербург;sale;flat;2;4;5;137.4;65000000;Пушкинский;Пушкинская ;41/25;Купчино;
ID 3294514;realtor;https://spb.cian.ru/sale/flat/294179735/;Санкт-Петербург;sale;flat;1;3;5;143.2;14950000;Красногвардейский; Александра Ульянова;4;Новочеркасская;
Правильный Выбор;real_estate_agent;https://spb.cian.ru/sale/flat/309585505/;Санкт-Петербург;sale;flat;3;5;5;89.4;15000000;Приморский;Омская ;14;Пионерская;
Владис Аврора;real_estate_agent;https://spb.cian.ru/sale/flat/307390523/;Санкт-Петербург;sale;flat;4;4;-1;155.5;4000000;Центральный;Литейный проспект;40;Маяковская;
Golden Home;real_estate_agent;https://spb.cian.ru/sale/flat/312716693/;Санкт-Петербург;sale;flat;3;6;5;241.5;148000000;Центральный;Захарьевская ;9;Чернышевская;
Адвекс;real_estate_agent;https://spb.cian.ru/sale/flat/286724649/;Санкт-Петербург;sale;flat;6;6;5;249.3;75000000;Петроградский;Каменноостровский проспект;73-75к2Г;Петроградская;
Сергей Шулико;realtor;https://spb.cian.ru/sale/flat/308923370/;Санкт-Петербург;sale;flat;14;26;5;209.7;60000000;Приморский; Савушкина;143к1;Беговая;
BEYOND. ex-Engel Volkers;real_estate_agent;https://spb.cian.ru/sale/flat/310015058/;Санкт-Петербург;sale;flat;16;18;5;145.0;39900000;Василеостровский; Кораблестроителей;30;Приморская;Морской Каскад
ЖИЛФОНД Санкт-Петербург;real_estate_agent;https://spb.cian.ru/sale/flat/296636916/;Санкт-Петербург;sale;flat;4;4;5;98.9;23000000;Адмиралтейский;Садовая ;44;Садовая;
Адвекс;real_estate_agent;https://spb.cian.ru/sale/flat/305002356/;Санкт-Петербург;sale;flat;2;9;5;205.0;53000000;Василеостровский; Нахимова;15;Приморская;
Екатерина Владыка;realtor;https://spb.cian.ru/sale/flat/293721611/;Санкт-Петербург;sale;flat;3;3;5;181.9;39000000;Пушкинский;Конюшенная ;39/39;Купчино;
ТРЕНД Недвижимость;real_estate_agent;https://spb.cian.ru/sale/flat/311247674/;Санкт-Петербург;sale;flat;2;5;-1;116.0;2250000;Адмиралтейский;проспект Римского-Корсакова;103;Нарвская;
Азад Назаров;realtor;https://spb.cian.ru/sale/flat/309328402/;Санкт-Петербург;sale;flat;3;5;5;123.2;22500000;Центральный;Невский проспект;139;Площадь Александра Невского;
Адвекс;real_estate_agent;https://spb.cian.ru/sale/flat/274206522/;Санкт-Петербург;sale;flat;2;7;5;138.6;25000000;Петроградский;Большая Монетная ;29;Петроградская;
M-Union;real_estate_agent;https://spb.cian.ru/sale/flat/312417497/;Санкт-Петербург;sale;flat;4;4;5;102.3;19700000;Адмиралтейский;переулок Гривцова;24;Спасская;
Игорь Лапченко;realtor;https://spb.cian.ru/sale/flat/309575364/;Санкт-Петербург;sale;flat;2;4;5;102.8;23000000;Адмиралтейский;Английский проспект;52;Балтийская;
Смарт Инновации;real_estate_agent;https://spb.cian.ru/sale/flat/310977125/;Санкт-Петербург;sale;flat;1;7;5;77.3;15500000;Центральный;Старорусская ;5/3;Площадь Александра Невского;
Александр Фурсов;realtor;https://spb.cian.ru/sale/flat/304796983/;Санкт-Петербург;sale;flat;5;5;5;90.0;12700000;Московский; Пилотов;16К2;Звездная;
Мир Квартир Элит;real_estate_agent;https://spb.cian.ru/sale/flat/311854637/;Санкт-Петербург;sale;flat;2;3;5;220.0;320000000;Петроградский;2-я Березовая аллея;13-15Г;Черная речка;
МЦСН;real_estate_agent;https://spb.cian.ru/sale/flat/301969606/;Санкт-Петербург;sale;flat;3;8;5;110.0;34760000;Центральный;Садовая ;7-9-11;Гостиный двор;
Юлия  Кочкина;realtor;https://spb.cian.ru/sale/flat/309281495/;Санкт-Петербург;sale;flat;1;5;5;104.3;19500000;Красногвардейский; Стахановцев;10к4;Новочеркасская;
Мир Квартир Элит;real_estate_agent;https://spb.cian.ru/sale/flat/307206204/;Санкт-Петербург;sale;flat;4;4;5;152.0;38888000;Приморский; Новая;51к1;Беговая;Квартал Лахта Парк
ОРИАННА;real_estate_agent;https://spb.cian.ru/sale/flat/310831849/;Санкт-Петербург;sale;flat;8;9;5;70.8;10500000;Красносельский; Партизана Германа;18К1;Ленинский проспект;
Панорама;real_estate_agent;https://spb.cian.ru/sale/flat/313197131/;Санкт-Петербург;sale;flat;14;25;5;118.2;16300000;Красносельский; Маршала Казакова;68к1;Автово;
BrokersProfi Realty;real_estate_agent;https://spb.cian.ru/sale/flat/304501740/;Санкт-Петербург;sale;flat;5;5;5;113.9;19500000;Адмиралтейский; Декабристов;11;Садовая;
Итака;real_estate_agent;https://spb.cian.ru/sale/flat/312654723/;Санкт-Петербург;sale;flat;3;5;5;116.4;26420000;Центральный;Пушкинская ;14;Площадь Восстания;
Адвекс;real_estate_agent;https://spb.cian.ru/sale/flat/313257568/;Санкт-Петербург;sale;flat;4;5;5;145.7;24900000;Центральный;Загородный проспект;10;Достоевская;
ID 84013804;unknown;https://spb.cian.ru/sale/flat/306280610/;Санкт-Петербург;sale;flat;8;18;5;149.2;32911111;Выборгский;проспект Тореза;96;Удельная;
Этажи Санкт-Петербург;real_estate_agent;https://spb.cian.ru/sale/flat/314787709/;Санкт-Петербург;sale;flat;5;5;5;124.9;20999000;Фрунзенский;Расстанная ;25;Волковская;
Семейный Риэлтор;real_estate_agent;https://spb.cian.ru/sale/flat/304853749/;Санкт-Петербург;sale;flat;4;4;5;120.8;19500000;Центральный;Звенигородская ;8-10К;Звенигородская;
Елена Колотаева;realtor;https://spb.cian.ru/sale/flat/314285346/;Санкт-Петербург;sale;flat;7;16;5;158.0;39000000;Приморский;Богатырский проспект;55к1;Комендантский проспект;
ID 12849069;homeowner;https://spb.cian.ru/sale/flat/315310073/;Санкт-Петербург;sale;flat;4;5;5;115.0;39000000;Центральный;Таврическая ;11;Чернышевская;
Свободный Дом СПб;real_estate_agent;https://spb.cian.ru/sale/flat/273907943/;Санкт-Петербург;sale;flat;2;5;5;174.0;55000000;Центральный; Бонч-Бруевича;2/3;Чернышевская;
Анна Шведова;realtor;https://spb.cian.ru/sale/flat/313164940/;Санкт-Петербург;sale;flat;4;5;5;147.0;28000000;Петроградский;Большая Пушкарская ;42;Петроградская;
Петербургская Недвижимость;real_estate_agent;https://spb.cian.ru/sale/flat/314426177/;Санкт-Петербург;sale;flat;2;5;5;140.7;20700000;Петроградский;Большая Монетная ;23;Горьковская;
Paradise Land;real_estate_agent;https://spb.cian.ru/sale/flat/297218422/;Санкт-Петербург;sale;flat;7;9;5;240.7;349015000;Центральный;набережная Воскресенская;32;Чернышевская;Приоритет
ПАН Партнер;real_estate_agent;https://spb.cian.ru/sale/flat/313480646/;Санкт-Петербург;sale;flat;2;5;5;160.7;44000000;Центральный;4-я Советская ;31-33/10;Площадь Восстания;
Смарт Инновации;real_estate_agent;https://spb.cian.ru/sale/flat/298521346/;Санкт-Петербург;sale;flat;1;6;5;101.0;15400000;Адмиралтейский;Подольская ;45;Технологический институт;
ID 126856894;realtor;https://spb.cian.ru/sale/flat/315778483/;Санкт-Петербург;sale;flat;7;9;5;171.7;37500000;Калининский;Политехническая ;17К1;Площадь Мужества;
Этажи Санкт-Петербург;real_estate_agent;https://spb.cian.ru/sale/flat/315888751/;Санкт-Петербург;sale;flat;5;10;5;100.7;15200000;Приморский;проспект Королева;44К3;Комендантский проспект;
Оксана Садовникова;realtor;https://spb.cian.ru/sale/flat/306123202/;Санкт-Петербург;sale;flat;4;5;5;121.9;22900000;Василеостровский;17-я Васильевского острова линия;70/12;Василеостровская;
Алина Сакуненко;realtor;https://spb.cian.ru/sale/flat/316061577/;Санкт-Петербург;sale;flat;4;5;5;225.0;50000000;Центральный;Суворовский проспект;36;;
ID 100690955;unknown;https://spb.cian.ru/sale/flat/315594954/;Санкт-Петербург;sale;flat;4;5;5;74.5;16990000;Центральный;Колокольная ;3;Владимирская;
АЛЕКСАНДР-НЕДВИЖИМОСТЬ;real_estate_agent;https://spb.cian.ru/sale/flat/309610220/;Санкт-Петербург;sale;flat;1;5;5;112.0;12750000;Невский;проспект Обуховской обороны;131;Ломоносовская;
Адвекс;real_estate_agent;https://spb.cian.ru/sale/flat/295694437/;Санкт-Петербург;sale;flat;6;6;5;149.7;38450000;Центральный; Восстания;3-5;Площадь Восстания;
ID 66270501;homeowner;https://spb.cian.ru/sale/flat/284373660/;Санкт-Петербург;sale;flat;2;5;5;139.0;27500000;Адмиралтейский;набережная Реки Фонтанки;88;Звенигородская;
Панорама;real_estate_agent;https://spb.cian.ru/sale/flat/314253332/;Санкт-Петербург;sale;flat;2;5;5;108.0;22500000;Центральный;Загородный проспект;4;Достоевская;
Адвекс;real_estate_agent;https://spb.cian.ru/sale/flat/302293352/;Санкт-Петербург;sale;flat;6;6;5;135.3;19500000;Адмиралтейский;Канонерская ;19-21;Балтийская;
Евгений Клименков;realtor;https://spb.cian.ru/sale/flat/315974924/;Санкт-Петербург;sale;flat;12;12;5;146.4;44990000;Выборгский;Светлановский проспект;14к1;Политехническая;Панорама парк Сосновка
Мир Квартир Элит;real_estate_agent;https://spb.cian.ru/sale/flat/308456161/;Санкт-Петербург;sale;flat;2;6;5;124.0;35960000;Московский;Московский проспект;171;Парк Победы;
FisherGroup;real_estate_agent;https://spb.cian.ru/sale/flat/305574684/;Санкт-Петербург;sale;flat;3;5;5;121.2;22450000;Центральный;Лиговский проспект;93;Лиговский проспект;
Самолет Плюс Центр;real_estate_agent;https://spb.cian.ru/sale/flat/311528375/;Санкт-Петербург;sale;flat;1;6;5;137.0;22530000;Кировский; Зенитчиков;3к1;Автово;
Арго-недвижимость;real_estate_agent;https://spb.cian.ru/sale/flat/301725487/;Санкт-Петербург;sale;flat;5;5;5;104.5;22500000;Петроградский;Мончегорская ;8;Чкаловская;
Адвекс;real_estate_agent;https://spb.cian.ru/sale/flat/296028523/;Санкт-Петербург;sale;flat;4;5;5;131.0;22390000;Адмиралтейский;5-я Красноармейская ;17;Технологический институт;
АЛЕКСАНДР-НЕДВИЖИМОСТЬ;real_estate_agent;https://spb.cian.ru/sale/flat/309609556/;Санкт-Петербург;sale;flat;3;6;5;141.0;23477000;Центральный;Суворовский проспект;38;Чернышевская;
МАКРОМИР НЕДВИЖИМОСТЬ;real_estate_agent;https://spb.cian.ru/sale/flat/299455370/;Санкт-Петербург;sale;flat;3;4;5;164.3;23900000;Центральный;Звенигородская ;12/17;Звенигородская;
MASTER-GROUP Real Estate;real_estate_agent;https://spb.cian.ru/sale/flat/314355948/;Санкт-Петербург;sale;flat;4;5;5;127.1;24700000;Калининский;Политехническая ;31;Политехническая;
Ю-Питер;real_estate_agent;https://spb.cian.ru/sale/flat/314060721/;Санкт-Петербург;sale;flat;3;5;5;120.7;25000000;Центральный;переулок Басков;3;Чернышевская;
Адвекс;real_estate_agent;https://spb.cian.ru/sale/flat/300433360/;Санкт-Петербург;sale;flat;2;5;5;121.6;24900000;Петроградский;Чкаловский проспект;8;Чкаловская;
IVA;real_estate_agent;https://spb.cian.ru/sale/flat/306445872/;Санкт-Петербург;sale;flat;2;5;5;282.6;26000000;Приморский;Рябиновая ;17к3;Озерки;
Самолет плюс;real_estate_agent;https://spb.cian.ru/sale/flat/309498701/;Санкт-Петербург;sale;flat;3;17;5;135.0;26500000;Василеостровский;Морская набережная;17к3;Приморская;
Мир Квартир Элит;real_estate_agent;https://spb.cian.ru/sale/flat/303921067/;Санкт-Петербург;sale;flat;2;3;5;99.2;26900000;Василеостровский;16-я Васильевского острова линия;25;Горный институт;
ID 38451743;realtor;https://spb.cian.ru/sale/flat/273229763/;Санкт-Петербург;sale;flat;4;6;5;106.5;21500000;Центральный;Пушкинская ;11;Площадь Восстания;
Этажи Санкт-Петербург;real_estate_agent;https://spb.cian.ru/sale/flat/315008686/;Санкт-Петербург;sale;flat;1;5;5;105.6;21900000;Адмиралтейский;Средняя Подьяческая ;6;Садовая;
Итака;real_estate_agent;https://spb.cian.ru/sale/flat/312116440/;Санкт-Петербург;sale;flat;1;4;5;101.9;23000000;Центральный; Тюшина;4;Обводный канал;
ТВОЁ ПРОСТРАНСТВО;real_estate_agent;https://spb.cian.ru/sale/flat/308060980/;Санкт-Петербург;sale;flat;1;6;5;111.2;23490000;Петроградский;проспект Большой Петроградской стороны;19;Спортивная;
АДРЕС ЭСТЕЙТ;real_estate_agent;https://spb.cian.ru/sale/flat/310924926/;Санкт-Петербург;sale;flat;3;4;5;140.0;23900000;Центральный;9-я Советская ;20;Площадь Восстания;
Адвекс;real_estate_agent;https://spb.cian.ru/sale/flat/305642441/;Санкт-Петербург;sale;flat;6;7;5;160.0;24500000;Адмиралтейский;12-я Красноармейская ;1;Балтийская;
ID 78471700;homeowner;https://spb.cian.ru/sale/flat/312300673/;Санкт-Петербург;sale;flat;1;7;5;148.3;25000000;Петроградский;Большая Монетная ;29;Петроградская;
ID 123413183;homeowner;https://spb.cian.ru/sale/flat/309918780/;Санкт-Петербург;sale;flat;6;6;5;141.1;25300000;Центральный;Коломенская ;10;Владимирская;
Итака;real_estate_agent;https://spb.cian.ru/sale/flat/315998817/;Санкт-Петербург;sale;flat;3;5;5;116.4;26420000;Центральный;Пушкинская ;14;Площадь Восстания;
ID 58765604;homeowner;https://spb.cian.ru/sale/flat/272568569/;Санкт-Петербург;sale;flat;4;5;5;128.0;26950000;Пушкинский; Глинки;17;Купчино;
Этажи Санкт-Петербург;real_estate_agent;https://spb.cian.ru/sale/flat/314691544/;Санкт-Петербург;sale;flat;4;7;5;170.1;26800000;Центральный;Невский проспект;170;Площадь Александра Невского;
ID 116269021;homeowner;https://spb.cian.ru/sale/flat/312807004/;Санкт-Петербург;sale;flat;5;6;5;131.3;27000000;Пушкинский;Красносельское шоссе;48/60;Купчино;
MANAKOVA. real estate;real_estate_agent;https://spb.cian.ru/sale/flat/307535700/;Санкт-Петербург;sale;flat;3;15;5;108.7;27500000;Приморский;проспект Испытателей;16;Пионерская;
ID 97669495;homeowner;https://spb.cian.ru/sale/flat/293686941/;Санкт-Петербург;sale;flat;4;5;5;143.8;27800000;Василеостровский;20-я Васильевского острова линия;13;Горный институт;
Время Инвест;real_estate_agent;https://spb.cian.ru/sale/flat/279276155/;Санкт-Петербург;sale;flat;2;5;5;216.4;55000000;Красногвардейский;Большеохтинский проспект;31;Новочеркасская;
Мир Квартир Элит;real_estate_agent;https://spb.cian.ru/sale/flat/315086029/;Санкт-Петербург;sale;flat;2;5;5;256.2;139000000;Центральный;Караванная ;16/14;Гостиный двор;
Мир Квартир Элит;real_estate_agent;https://spb.cian.ru/sale/flat/301648400/;Санкт-Петербург;sale;flat;4;5;5;201.0;56280000;Центральный;Малая Морская ;9;Адмиралтейская;
Петербургская Недвижимость;real_estate_agent;https://spb.cian.ru/sale/flat/290003777/;Санкт-Петербург;sale;flat;3;5;5;258.9;64725000;Центральный; Рубинштейна;36;Достоевская;
ID 70733695;homeowner;https://spb.cian.ru/sale/flat/287791933/;Санкт-Петербург;sale;flat;2;13;5;107.0;20500000;Василеостровский;Морская набережная;17Б;Приморская;
ПИА Недвижимость;real_estate_agent;https://spb.cian.ru/sale/flat/283489110/;Санкт-Петербург;sale;flat;1;9;5;202.8;65000000;Петроградский;Петровский проспект;11к3;Крестовский остров;Neva Haus
Евгений Клименков;realtor;https://spb.cian.ru/sale/flat/312108746/;Санкт-Петербург;sale;flat;9;9;5;200.0;84000000;Петроградский;Лодейнопольская ;7;Чкаловская;Авторский дом Tesoro by Akvilon
Владис Аврора;real_estate_agent;https://spb.cian.ru/sale/flat/315100919/;Санкт-Петербург;sale;flat;4;4;5;157.3;65000000;Василеостровский;7-я Васильевского острова линия;28;Василеостровская;
Квартира 79;real_estate_agent;https://spb.cian.ru/sale/flat/308331825/;Санкт-Петербург;sale;flat;2;10;5;100.0;16900000;Калининский; Замшина;27К3;Лесная;
Мир Квартир PREMIUM;real_estate_agent;https://spb.cian.ru/sale/flat/310267297/;Санкт-Петербург;sale;flat;4;5;5;231.8;85000000;Петроградский;Ждановская набережная;10;Чкаловская;
ID 102687630;homeowner;https://spb.cian.ru/sale/flat/308831053/;Санкт-Петербург;sale;flat;4;5;5;163.0;40750000;Петроградский;Большая Пушкарская ;28/2;Чкаловская;
Мир Квартир Элит;real_estate_agent;https://spb.cian.ru/sale/flat/297945696/;Санкт-Петербург;sale;flat;8;10;5;184.6;84900000;Петроградский;Петровский проспект;14;Спортивная;
Этажи Санкт-Петербург;real_estate_agent;https://spb.cian.ru/sale/flat/315888749/;Санкт-Петербург;sale;flat;2;5;5;130.6;36500000;Центральный; Рубинштейна;6;Достоевская;
Мир Квартир Элит;real_estate_agent;https://spb.cian.ru/sale/flat/315318051/;Санкт-Петербург;sale;flat;1;4;5;247.8;97000000;Василеостровский;4-я Васильевского острова линия;5;Василеостровская;
ID 121816834;homeowner;https://spb.cian.ru/sale/flat/307368428/;Санкт-Петербург;sale;flat;5;6;5;141.3;28900000;Адмиралтейский;Можайская ;37-39;Пушкинская;
Мир Квартир Элит;real_estate_agent;https://spb.cian.ru/sale/flat/314834659/;Санкт-Петербург;sale;flat;2;7;5;244.0;110000000;Центральный;набережная Воскресенская;22;Чернышевская;
NF GROUP  St Petersburg;real_estate_agent;https://spb.cian.ru/sale/flat/298651748/;Санкт-Петербург;sale;flat;7;7;5;363.0;299000000;Петроградский;Динамовская ;2;Крестовский остров;
Мир квартир элит Крестовский;real_estate_agent;https://spb.cian.ru/sale/flat/295982882/;Санкт-Петербург;sale;flat;7;7;5;250.3;112500000;Центральный;Стремянная ;15/1;Маяковская;Дворцовая слобода
Владис Аврора;real_estate_agent;https://spb.cian.ru/sale/flat/313879289/;Санкт-Петербург;sale;flat;7;8;5;197.8;117000000;Петроградский;Песочная набережная;40;Чкаловская;
ID 63802088;homeowner;https://spb.cian.ru/sale/flat/271622389/;Санкт-Петербург;sale;flat;4;5;5;148.9;28888888;Центральный; Марата;70а-70б;Звенигородская;
NF GROUP  St Petersburg;real_estate_agent;https://spb.cian.ru/sale/flat/305880701/;Санкт-Петербург;sale;flat;4;8;5;193.0;134990000;Петроградский;Морской проспект;33;Крестовский остров;Морской 33
Лабецкий Недвижимость;real_estate_agent;https://spb.cian.ru/sale/flat/314503587/;Санкт-Петербург;sale;flat;2;2;5;128.0;19000000;Пушкинский;Фуражный переулок;3;Купчино;
АЛЕКСАНДР-НЕДВИЖИМОСТЬ;real_estate_agent;https://spb.cian.ru/sale/flat/309602999/;Санкт-Петербург;sale;flat;2;2;5;374.8;149000000;Пушкинский;Дворцовая ;5/1;Купчино;
Стандарт Девелопмент;real_estate_agent;https://spb.cian.ru/sale/flat/311103143/;Санкт-Петербург;sale;flat;2;4;5;165.0;35000000;Петроградский;Дивенская ;14;Горьковская;
NF GROUP  St Petersburg;real_estate_agent;https://spb.cian.ru/sale/flat/300372957/;Санкт-Петербург;sale;flat;7;7;5;240.7;349015000;Центральный;набережная Воскресенская;32;Чернышевская;Приоритет
Этажи Санкт-Петербург;real_estate_agent;https://spb.cian.ru/sale/flat/316075692/;Санкт-Петербург;sale;flat;1;5;5;66.3;12500000;Фрунзенский;Софийская ;23;Международная;
Самолет Плюс Центр;real_estate_agent;https://spb.cian.ru/sale/flat/311528371/;Санкт-Петербург;sale;flat;16;17;5;200.0;52000000;Московский;Московский проспект;183-185;Московская;Граф Орлов
Горжилобмен;real_estate_agent;https://spb.cian.ru/sale/flat/313191740/;Санкт-Петербург;sale;flat;1;5;5;111.8;12750000;Невский;проспект Обуховской обороны;131;Ломоносовская;
Марианна Садекова;realtor;https://spb.cian.ru/sale/flat/314035162/;Санкт-Петербург;sale;flat;3;4;-1;123.0;5600000;Василеостровский;12-я Васильевского острова линия;45;Василеостровская;
Proflat;real_estate_agent;https://spb.cian.ru/sale/flat/312374632/;Санкт-Петербург;sale;flat;1;7;5;92.8;17499999;Центральный;10-я Советская ;14;Площадь Александра Невского;
Адвекс;real_estate_agent;https://spb.cian.ru/sale/flat/280929806/;Санкт-Петербург;sale;flat;5;7;5;116.6;18990000;Центральный; Константина Заслонова;9/4;Лиговский проспект;
Альфалот;real_estate_agent;https://spb.cian.ru/sale/flat/315576354/;Санкт-Петербург;sale;flat;4;5;-1;151.7;2800000;Центральный; Чехова;11-13;Маяковская;
Владис Аврора;real_estate_agent;https://spb.cian.ru/sale/flat/314549456/;Санкт-Петербург;sale;flat;14;15;-1;211.0;1800000;Кировский; Морской Пехоты;6К1;Автово;
Запстрой недвижимость;real_estate_agent;https://spb.cian.ru/sale/flat/314869651/;Санкт-Петербург;sale;flat;5;5;5;106.8;36800000;Центральный;Загородный проспект;4;Достоевская;
MANAKOVA. real estate;real_estate_agent;https://spb.cian.ru/sale/flat/316032246/;Санкт-Петербург;sale;flat;2;5;5;243.0;108000000;Адмиралтейский;проспект Римского-Корсакова;1;Садовая;
Владис Аврора;real_estate_agent;https://spb.cian.ru/sale/flat/299239771/;Санкт-Петербург;sale;flat;2;4;5;170.7;42000000;Петродворцовый; Аврова;26;Ленинский проспект;
Марина Пряхина;realtor;https://spb.cian.ru/sale/flat/298927591/;Санкт-Петербург;sale;flat;4;5;5;295.0;87000000;Приморский;Горная ;21;Удельная;
АЛЕКСАНДР-НЕДВИЖИМОСТЬ;real_estate_agent;https://spb.cian.ru/sale/flat/314672885/;Санкт-Петербург;sale;flat;2;5;5;126.5;44000000;Адмиралтейский;7-я Красноармейская ;22-24;Технологический институт;
ID 123755362;real_estate_agent;https://spb.cian.ru/sale/flat/315985884/;Санкт-Петербург;sale;flat;20;20;5;240.0;89900000;Выборгский;аллея Академика Лихачева;7;Площадь Мужества;Институтский, 16
ID 119476838;homeowner;https://spb.cian.ru/sale/flat/305025527/;Санкт-Петербург;sale;flat;4;4;-1;112.3;2550000;Фрунзенский;набережная Реки Волковки;3б;Волковская;
Этажи Санкт-Петербург;real_estate_agent;https://spb.cian.ru/sale/flat/315877575/;Санкт-Петербург;sale;flat;2;4;5;203.7;40000000;Московский;Московский проспект;78;Фрунзенская;
CupiGroup;real_estate_agent;https://spb.cian.ru/sale/flat/312639591/;Санкт-Петербург;sale;flat;26;26;5;118.1;15990000;Пушкинский;проспект Новгородский;4;Купчино;Шушары
Решение;real_estate_agent;https://spb.cian.ru/sale/flat/316020213/;Санкт-Петербург;sale;flat;6;12;5;143.06;59000000;Василеостровский;Уральская ;23;Приморская;Amber Club
ID 1481656;homeowner;https://spb.cian.ru/sale/flat/255918527/;Санкт-Петербург;sale;flat;4;5;5;128.0;26950000;Пушкинский; Глинки;17;Купчино;
Владис Аврора;real_estate_agent;https://spb.cian.ru/sale/flat/315439530/;Санкт-Петербург;sale;flat;14;15;-1;211.0;1800000;Кировский; Морской Пехоты;6К1;Автово;
IVA;real_estate_agent;https://spb.cian.ru/sale/flat/307257013/;Санкт-Петербург;sale;flat;1;5;5;77.0;21500000;Центральный; Достоевского;27;Владимирская;
ID 127529524;realtor;https://spb.cian.ru/sale/flat/313679148/;Санкт-Петербург;sale;flat;7;7;5;236.0;179500000;Петроградский;проезд Петровская коса;6к1;Крестовский остров;Петровская Доминанта
ID 103830218;homeowner;https://spb.cian.ru/sale/flat/315395255/;Санкт-Петербург;sale;flat;6;8;4;129.56;120000000;Петроградский;Петровский проспект;26к2;Крестовский остров;The One
NF GROUP  St Petersburg;real_estate_agent;https://spb.cian.ru/sale/flat/302747500/;Санкт-Петербург;sale;flat;3;12;-1;180.0;69000000;Петроградский;Барочная ;12;Чкаловская;
М16 Элит;real_estate_agent;https://spb.cian.ru/sale/flat/308184001/;Санкт-Петербург;sale;flat;6;6;-1;385.0;555000000;Петроградский;Спортивная ;2;Крестовский остров;Крестовский de luxe
Мир Квартир PREMIUM;real_estate_agent;https://spb.cian.ru/sale/flat/287772064/;Санкт-Петербург;sale;flat;3;6;-1;161.7;25000000;Центральный; Чайковского;40;Чернышевская;
NF GROUP  St Petersburg;real_estate_agent;https://spb.cian.ru/sale/flat/310278929/;Санкт-Петербург;sale;flat;9;10;4;245.9;300000000;Петроградский;Ждановская ;45;Чкаловская;Леонтьевский мыс
Мир Квартир PREMIUM;real_estate_agent;https://spb.cian.ru/sale/flat/300559734/;Санкт-Петербург;sale;flat;7;7;-1;313.3;90000000;Петроградский;Каменноостровский проспект;54/31;Петроградская;
М16 Элит;real_estate_agent;https://spb.cian.ru/sale/flat/306123739/;Санкт-Петербург;sale;flat;5;6;4;160.0;160000000;Петроградский;Спортивная ;2;Крестовский остров;Крестовский de luxe
BEYOND. ex-Engel Volkers;real_estate_agent;https://spb.cian.ru/sale/flat/307484511/;Санкт-Петербург;sale;flat;1;5;4;163.0;129500000;Петроградский;набережная Мартынова;74Г;Крестовский остров;
BEYOND. ex-Engel Volkers;real_estate_agent;https://spb.cian.ru/sale/flat/310946397/;Санкт-Петербург;sale;flat;4;9;4;232.0;280000000;Центральный;набережная Реки Фонтанки;76к2;Звенигородская;Фонтанка 76
ID 42474438;unknown;https://spb.cian.ru/sale/flat/266536485/;Санкт-Петербург;sale;flat;3;4;3;77.8;14500000;Пушкинский;Гусарская ;9к6;Купчино;
